{"sample_points": [[-3.7274212467385825, -2.175168374486517], [-3.8344748535148883, -0.9696986175956664], [-3.550951505828788, -1.9155867557897093], [-3.5083095278336116, -1.1147031968245475], [-3.28949272974011, -1.5052350598390645], [-3.2665112574897956, -1.6786852183733796], [-3.9056192710566107, -1.178122147575309], [2.7298428954545124, 1.9500819495657595], [2.700932199323933, 1.6158843273003205], [3.074881707609253, 1.3814176236191773], [3.1058755004762806, 1.2926518489797785], [3.0204770108143535, 2.5290696942577027], [3.151728251413708, 1.4151740822026926], [2.745559479229664, 2.0616701350232383], [3.372037047231923, 2.410267442704195], [3.6093833860205486, 1.8512694417361542], [2.6651522288621883, 1.8743050141306943], [-1.0460199190459207, 2.3251844779490405], [-0.9475069088706298, 1.7195178190259375], [-0.6557266081171951, 1.5408056131270333], [-0.24441173922766735, 2.216022695433212], [-1.1532380977568168, 2.0930126871381662], [-0.8109088677683708, 1.4447125262439386], [-1.2537847517643685, 2.2305846734144503], [-1.2516508717457557, 2.0093286726468933], [-1.0566582971709746, 2.520668496615012], [-3.746259452626297, 2.3556277615935914], [-4.436755713244947, 2.2451685829539163], [-4.529633531999747, 2.235504695420859], [-3.71033178703739, 2.3268022814424976], [-4.44638029764248, 2.144685394605249], [-3.978777184508647, 2.077239118635454], [-4.6239747605096095, 2.435445660223513], [-3.797243752045399, 2.5540708858330174], [-3.4905976215692878, 0.40213293000130473], [-2.9243828804020824, 0.8157752950037792], [-3.017921827450806, 1.0298057069700577], [-3.76489007852805, 0.3186075868909357], [-2.849220006450912, 1.2491121161919267], [-2.9577458083162056, 0.5936097220758341], [-3.754026474769161, 0.6195703753138421], [-3.5332510500923937, 0.4630414671077172], [-3.8123279005432984, 1.2100538094618947], [-4.0350629270789184, 0.8698267218331063], [0.03772642774125323, 0.790214185986426], [2.5717941668445023, -0.7890192659945048], [0.9459258574692644, 0.9282578640145251], [-0.21759956508276357, -2.368561924463566], [4.026959611473437, 0.01899381023644775], [4.722784897059661, -0.5416330453965461], [3.487083607508678, 0.4393980609157624]], "bounds": {"x": [-5.0, 5.0], "y": [-3.0, 3.0]}, "centroid_points": [[-4.277807169266419, -1.6381374653762526], [2.313020191299109, 1.9118913143320055], [-2.5299464915868795, -1.6533608888555607], [3.790008292194557, -0.9651677840255837], [3.700193890387138, 1.9604113496730187]]}