{
  "sample_points": [[-0.24685513169615647, 0.47469038257705953], [-1.116980787231169, 0.8797610509001126], [-0.8402128345939112, -0.16797195415095034], [-1.0749755649245247, 0.1818792792746327], [-0.6283387200535638, 0.7522538344936922], [-1.3405322690771166, 0.4811971398629705], [3.412366616304908, 1.8989486258635535], [2.9250868090067987, 1.192235413880987], [2.533409861413422, 1.4712292969501486], [2.940784166018116, 2.379944851237805], [3.509996215835386, 1.4607010854175417], [2.352747341483161, 1.7812883507325035], [0.9686491255643045, -1.4669882500325238], [1.9185095211376837, -1.4811229350943877], [1.3682039522640541, -1.1640278876791625], [-3.8733313530924685, -2.3990151799496235], [-3.4270804511703012, -2.0337792706262197], [-3.504839554561271, -1.6800622053015923], [-4.507831378257236, -2.096268286484807], [-3.850739234050312, -1.359156786653983], [-4.519104195517235, -1.615457002923114], [-4.274469744874562, -2.3887491754574985], [4.312814138604089, -0.6388324070411933], [4.436255802509446, -1.628771325315589], [3.877640606416607, -0.8293155761294262], [3.7048766330926424, -1.2297604160754176], [4.0731522387521, -1.6703088342804753], [4.645842581925458, -0.8617154536478535], [4.046757243469009, -1.3149409155231255], [-0.05775153082987927, -1.6728712932793044], [-4.746877070143073, 1.631839413581595], [-2.9433498710417982, -2.8988670494207254], [4.854959927998781, 1.5561220379714742], [1.7243149337113737, 2.693943399874853], [1.7918042240196783, 0.5676467811370203]],
  "centroid_points": [[1.9645384892761992, 1.183140739844049], [-1.0459938736633956, -2.4350509750118023],[1.9845752677649955, -2.0006182225224363], [-1.3787318262181971, -1.4269946729969734], [-0.7127549688383192, 2.4617383608746355]],
  "bounds": {"x": [-5.0, 5.0], "y": [-3.0, 3.0]}
}