{"sample_points": [[-0.7048150792433563, -0.4612541911883333], [-1.1007540549582955, -0.33701082286820283], [-0.9820849381446857, -0.39672861642678525], [-0.6309456895803965, -0.5278835708235707], [-0.5485729231860428, -0.25252759596627383], [-1.3726387015158164, -0.3476028473616706], [-0.8519916905752472, -0.49924734933237197], [-0.5431757370294429, -0.2687212593474062], [-0.951798568545678, 0.06693217192724321], [-0.9069944337396554, -0.06789402936408179], [-3.891969040412868, -1.3933738401377194], [-3.466306240804794, -0.7167818950403714], [-3.9708726668044125, -1.4972759017154975], [-3.705806202223466, -1.5929505233822185], [-3.4682220690116767, -1.1023914913555064], [-4.016088673127305, -1.070998045425795], [-3.6829770608279446, -1.2852935063689481], [-3.769126595563873, -1.4513553384098863], [-3.2800373180582785, -1.0703304674040945], [-3.4396075327320164, -0.43519563715935583], [2.3720342171246287, -1.6432658668594204], [2.5940083974370136, -2.0453968028088165], [2.4490303548203602, -2.2298323937509945], [2.3625633018780396, -2.2376474968471434], [2.3477323752707036, -2.2119879595257976], [2.2768716138034906, -1.7009777922628357], [2.344165399938876, -1.8558445940379633], [1.908306502193506, -2.1581624273049664], [2.5726320316494817, -1.8930431549540763], [2.3779796138541123, -2.183771393492728], [3.417683680204321, -0.4676559381503884], [3.951324998604279, -0.5047369243913539], [4.257915559726895, -0.270822337208065], [3.8664959004981614, -0.3909328685304861], [3.9056499660397987, -0.6089710843091678], [3.8285971383721584, -0.49444592333169324], [3.6662434893590197, -0.5682570776346619], [3.2060217547107066, -0.45240836853315], [3.769526447244544, -0.35378518198272446], [4.135467545883581, -0.9017302153943383], [1.2659042591301215, 1.8250278572163703], [1.198848829710411, 1.8722839357336556], [1.7395180582174443, 2.0723891139023713], [1.5286978797972413, 1.8917377128405346], [1.415017025166982, 1.9166818871001317], [1.5306139085336616, 2.2207354748075976], [1.6196456597490536, 2.0416778563580005], [1.6667404470099023, 1.7166154112198182], [1.538486691606828, 2.2097350515901955], [1.48145100126395, 1.99826984153645], [3.953789523509535, 2.2113429160126667], [-0.9584201947656243, 2.5124657921683777], [-4.205727813746288, 2.3742665189466097], [-1.174009307528383, -2.702233909531653]], "bounds": {"x": [-5.0, 5.0], "y": [-3.0, 3.0]}, "centroid_points": [[-0.7048150792433563, -0.4612541911883333], [-3.6069447491023032, -0.9463548609571409], [2.368628872101841, -2.172906709266961], [4.168267126517538, -0.5030770947897485], [1.69033745470681, 2.229386062471727]]}