{"sample_points": [[-0.35414287271289235, -0.36892363044019705], [-1.0604900644079225, -0.592252666443623], [-1.113794986992193, -0.6260993696468412], [-1.0388570228716467, -0.2242140397122211], [-0.8594707989442294, 0.007230314748304489], [-1.1915006808745796, -0.7785209514675504], [-0.9660033857421959, -0.1964836928836849], [-3.4327462634472012, -1.0189516270402403], [-3.5714920067446556, -1.190899285321033], [-3.4714639765749253, -1.2193543689505224], [-3.862206007272749, -1.1823447149749904], [-3.4199370377056186, -1.2316834076947014], [-3.8851927766934553, -1.0241546457276833], [-2.9923937273809003, -1.1613778965455537], [2.54930930034567, -1.9460896686010836], [2.9468395710014677, -2.1569530869843816], [2.753156527206626, -2.0397519467825322], [1.8613792620817815, -1.9898692358881178], [1.8738849919997387, -2.2245276591073613], [2.8736377426715993, -1.85213936058322], [2.386096937386262, -2.1176512526075397], [3.725370619654899, 0.1000067766111622], [4.022585273556672, -0.7494201141291924], [3.565950621104624, -0.508730075862447], [3.7926644057902843, -0.05486002516396554], [4.098592509706454, -0.5076823559889284], [3.356805508044914, -0.35717785843096883], [4.02113103750089, -0.09205858608007833], [3.9558285290210855, -0.5605590440946205], [3.8264786197055205, -0.3827868246187301], [3.417683680204321, -0.4676559381503884], [-3.1218347720637873, -2.6592030746955917], [-4.460206028469851, 1.7892619924578534], [-2.2277236727940144, 1.2472222509727517]], "bounds": {"x": [-5.0, 5.0], "y": [-3.0, 3.0]}, "centroid_points": [[-1.2283081414085402, -1.0881750234305352], [-3.211005773387364, -1.0705982292772713], [2.249959755288231, -2.1131889157083785], [3.8171278779532494, -0.371922140392963]]}