{"sample_points": [[-0.7048150792433563, -0.4612541911883333], [-1.1007540549582955, -0.33701082286820283], [-0.9820849381446857, -0.39672861642678525], [-0.6309456895803965, -0.5278835708235707], [-0.5485729231860428, -0.25252759596627383], [-3.878829395659824, -0.9569468854506087], [-3.358182384719255, -1.10859138742131], [-3.0493664311734507, -0.8780652974363443], [-3.457989262689686, -0.5424118661616949], [-3.413185127883663, -0.6772380674530198], [2.39059826358574, -1.8836159497916087], [2.3886824353788576, -2.269225546106744], [1.8408158312632292, -2.2378321001770325], [2.5768671863322554, -2.2371645221553322], [2.417296971658518, -1.6020296919105932], [3.820533222976037, 0.15771870201457738], [3.4263066647117957, -0.7225317672799123], [4.042507403288422, -0.2444122339348187], [3.8975293606717685, -0.4288478248769965], [3.811062307729448, -0.43666292797314554], [1.5393477103062343, 2.2928235451184773], [1.5232303558238793, 1.7054978551658502], [1.4032459630703864, 1.9843884998621157], [1.7657016027407946, 1.9544068216410846], [1.3090669502887464, 2.19509685990783], [-1.7373258990802531, -2.6043473206496643], [-0.7565773583139999, 2.787081782293469], [3.953789523509535, 2.2113429160126667], [-4.205727813746288, 2.3742665189466097]], "bounds": {"x": [-5.0, 5.0], "y": [-3.0, 3.0]}, "centroid_points": [[-0.7048150792433563, -0.4612541911883333], [-3.6069447491023032, -0.9463548609571409], [2.368628872101841, -2.172906709266961], [4.168267126517538, -0.5030770947897485], [1.69033745470681, 2.229386062471727]]}